{
  "n": 1103,
  "targeted": {
    "mean": 9.956482320942882,
    "median": 10.0,
    "min": 6,
    "max": 10
  },
  "shared": {
    "mean": 4.382592928377154,
    "median": 4.0,
    "min": 0,
    "max": 10,
    "fraction_eq_0": 0.06799637352674524,
    "histogram": {
      "0": 75,
      "1": 156,
      "2": 94,
      "3": 116,
      "4": 136,
      "5": 141,
      "6": 113,
      "7": 85,
      "8": 91,
      "9": 68,
      "10": 28
    }
  },
  "unique": {
    "mean": 5.57388939256573,
    "median": 6.0,
    "min": 0,
    "max": 10,
    "fraction_eq_0": 0.030825022665457842,
    "fraction_ge_5": 0.6455122393472348,
    "histogram": {
      "0": 34,
      "1": 71,
      "2": 92,
      "3": 85,
      "4": 109,
      "5": 140,
      "6": 133,
      "7": 114,
      "8": 94,
      "9": 156,
      "10": 75
    }
  }
}