{
  "n_feature_pairs_matched": 9600,
  "z_A_abs_diff": {
    "mean": 30.049713541666666,
    "median": 21.0,
    "p95": 94.51249999999982
  },
  "z_Dj_abs_diff": {
    "mean": 45.981458333333336,
    "median": 42.0,
    "p95": 104.76249999999982
  }
}