{
  "n_self_pairs": 1103,
  "n_detected_pairs": 448,
  "n_input_candidates": 1128,
  "n_after_collision_filter": 944,
  "table_main": {
    "Baseline": {
      "hit1": 0.2928377153218495,
      "delta_pp": 0.0,
      "rate_ci_pp": [
        26.654578422484132,
        32.00362647325476
      ],
      "delta_ci_pp": [
        0.0,
        0.0
      ]
    },
    "Targeted": {
      "hit1": 0.19220308250226656,
      "delta_pp": -10.063463281958294,
      "rate_ci_pp": [
        16.953762466001812,
        21.57751586582049
      ],
      "delta_ci_pp": [
        -12.058023572076156,
        -8.068902991840435
      ]
    },
    "Sibling": {
      "hit1": 0.24796010879419764,
      "delta_pp": -4.487760652765186,
      "rate_ci_pp": [
        22.317920822000602,
        27.334542157751585
      ],
      "delta_ci_pp": [
        -6.255666364460562,
        -2.750075551526141
      ]
    },
    "ShuffledAmbigQA": {
      "hit1": 0.2828649138712602,
      "delta_pp": -0.9972801450589264,
      "rate_ci_pp": [
        25.627077666968873,
        30.945905107283174
      ],
      "delta_ci_pp": [
        -1.601692354185555,
        -0.392867935932306
      ]
    },
    "WikiTextShuffled": {
      "hit1": 0.2928377153218495,
      "delta_pp": 0.0,
      "rate_ci_pp": [
        26.654578422484132,
        31.915231187669956
      ],
      "delta_ci_pp": [
        0.0,
        0.0
      ]
    },
    "Random": {
      "hit1": 0.2931399214264128,
      "delta_pp": 0.030220610456332953,
      "rate_ci_pp": [
        26.68479903294047,
        32.033847083711095
      ],
      "delta_ci_pp": [
        0.0,
        0.09066183136899365
      ]
    }
  },
  "tests": {
    "T1": {
      "name": "Targeted vs Random",
      "mc": {
        "x_kills": 123,
        "y_kills": 12,
        "n_disc": 135,
        "p": 1.1742483526729222e-24
      },
      "wx_p": 6.203182257106632e-22,
      "ci": [
        -12.088244182532486,
        -8.129344212753097
      ],
      "delta_pp": -10.093683892414626
    },
    "T2": {
      "name": "Sibling vs Shuffled-AmbigQA",
      "mc": {
        "x_kills": 68,
        "y_kills": 39,
        "n_disc": 107,
        "p": 0.0032588823156394736
      },
      "wx_p": 3.538704371884609e-05,
      "ci": [
        1.8736778482925351,
        5.167724388032639
      ],
      "delta_pp": 3.490480507706259
    },
    "T3": {
      "name": "Sibling vs WikiText-shuffled",
      "mc": {
        "x_kills": 72,
        "y_kills": 33,
        "n_disc": 105,
        "p": 8.917861115506816e-05
      },
      "wx_p": 3.005787688766865e-07,
      "ci": [
        2.780296161982472,
        6.255666364460562
      ],
      "delta_pp": 4.487760652765186
    },
    "T4": {
      "name": "Shuffled-AmbigQA vs WikiText-shuffled",
      "mc": {
        "x_kills": 14,
        "y_kills": 4,
        "n_disc": 18,
        "p": 0.0308837890625
      },
      "wx_p": 0.00019799806563754044,
      "ci": [
        0.423088546388637,
        1.6016923541855546
      ],
      "delta_pp": 0.9972801450589264
    }
  },
  "polysemy": {
    "n_self_pairs": 1103,
    "n_pure_content": 94,
    "n_mixed": 1009,
    "baseline": 0.2928377153218495,
    "targeted": 0.19220308250226656,
    "content_only": 0.2157751586582049,
    "position_only": 0.2810516772438803,
    "delta_targeted_pp": -10.063463281958294,
    "delta_content_pp": -7.706255666364459,
    "delta_position_pp": -1.1786038077969185,
    "residual_pp": -1.1786038077969159,
    "ci_content_pp": [
      -9.519492293744333,
      -5.983680870353581
    ],
    "ci_position_pp": [
      -2.085222121486854,
      -0.3626473254759746
    ],
    "ci_T_minus_C_pp": [
      -3.445149592021759,
      -1.2692656391659112
    ],
    "mc_content_vs_baseline": {
      "x_kills": 97,
      "y_kills": 12,
      "n_disc": 109,
      "p": 5.492185572269674e-18
    },
    "wx_content_vs_baseline": 1.9516750054865816e-16,
    "mc_position_vs_baseline": {
      "x_kills": 19,
      "y_kills": 6,
      "n_disc": 25,
      "p": 0.007316648960113525
    },
    "wx_position_vs_baseline": 0.004661188023718748,
    "mc_T_vs_C": {
      "x_kills": 32,
      "y_kills": 6,
      "n_disc": 38,
      "p": 1.2171280104666948e-05
    },
    "wx_T_vs_C": 1.2337228647221742e-05
  },
  "polysemy_threshold": {
    "n_features_scanned": 2021,
    "n_position_suspect": 649,
    "n_nonzero_floor": 100,
    "pct_at_pos0": 0.8,
    "pos_dist": {
      "0": 94,
      "1": 262,
      "2": 306,
      "3": 268,
      "4": 125,
      "5": 38,
      "6": 8,
      "7": 2
    }
  },
  "feature_inventory": {
    "n_unique": 2021,
    "n_long_tail_le5": 1702,
    "top_shared": [
      {
        "feature_id": 13296,
        "n_lists": 665,
        "pct_of_pairs": 60.29011786038078
      },
      {
        "feature_id": 6176,
        "n_lists": 625,
        "pct_of_pairs": 56.66364460562103
      },
      {
        "feature_id": 2961,
        "n_lists": 397,
        "pct_of_pairs": 35.99274705349048
      },
      {
        "feature_id": 2618,
        "n_lists": 305,
        "pct_of_pairs": 27.651858567543066
      },
      {
        "feature_id": 2345,
        "n_lists": 282,
        "pct_of_pairs": 25.56663644605621
      }
    ]
  },
  "characterization_sample": {
    "n_disambig_derived": 15,
    "n_random_control": 5
  },
  "sae_checkpoint": "google/gemma-scope-9b-pt-res/layer_37/width_16k/average_l0_11/params.npz",
  "model": "google/gemma-2-9b-it",
  "layer": 37,
  "unique_shared": {
    "n_self_pairs": 1103,
    "shared_only_hit1": 0.2411604714415231,
    "unique_only_hit1": 0.25294650951949227,
    "shared_only_delta_pp": -5.167724388032639,
    "unique_only_delta_pp": -3.9891205802357206,
    "shared_only_pct_of_targeted": 51.35135135135136,
    "unique_only_pct_of_targeted": 39.63963963963964,
    "residual_delta_pp": -0.9066183136899362,
    "residual_pct_of_targeted": 9.009009009009006,
    "shared_ci_pp": [
      -6.799637352674524,
      -3.535811423390753
    ],
    "unique_ci_pp": [
      -5.349048050770626,
      -2.7198549410698094
    ],
    "shared_only_p_value": 4.949152582619318e-10,
    "unique_only_p_value": 2.054466161616566e-09,
    "shared_mcnemar_p": 2.130268239423378e-10,
    "unique_mcnemar_p": 5.091046889615924e-10,
    "targeted_vs_unique_p": 3.12010742339912e-12,
    "targeted_vs_unique_delta_pp": 6.074342701722571
  },
  "multimetric": {
    "kl": {
      "targeted_delta": 1.3316989112767044,
      "shared_delta": 0.8031281578973881,
      "unique_delta": 0.4409147285252247,
      "shared_pct_of_targeted": 60.30853904712037,
      "unique_pct_of_targeted": 33.10919043273214,
      "residual_pct": 6.5822705201474925,
      "targeted_p": 2.660832420177967e-182,
      "shared_p": 4.515776492018472e-170,
      "unique_p": 1.227089637056569e-174
    },
    "logit_diff": {
      "targeted_delta": -0.5154036576382592,
      "shared_delta": 0.18188941381459656,
      "unique_delta": -0.7166490183023572,
      "shared_pct_of_targeted": -35.2906719071554,
      "unique_pct_of_targeted": 139.04616462876245,
      "shared_p": 0.9303718064622281,
      "unique_p": 2.524978477191919e-08
    },
    "generation": {
      "targeted_delta_pp": -6.799637352674524,
      "shared_delta_pp": -3.1731640979147784,
      "unique_delta_pp": -3.8984587488667275,
      "shared_pct_of_targeted": 46.66666666666667,
      "unique_pct_of_targeted": 57.333333333333336,
      "residual_pct": -4.000000000000014,
      "flip_rates": {
        "targeted": {
          "n": 1103,
          "n_flips": 152,
          "flip_rate": 0.13780598368087035
        },
        "shared_only": {
          "n": 1103,
          "n_flips": 110,
          "flip_rate": 0.09972801450589303
        },
        "unique_only": {
          "n": 1103,
          "n_flips": 58,
          "flip_rate": 0.05258386219401632
        }
      },
      "no_match_dominance_targeted": "60 of 84 D_i->other go to no-match",
      "no_match_dominance_shared": "32 of 48 D_i->other go to no-match",