{
  "cells": [
    {
      "threshold": 0.6,
      "n_position_suspect_features": 815,
      "n_pure_content": 40,
      "n_all_position": 0,
      "n_full_forwards": 1063,
      "n": 1103,
      "baseline_mean": 0.2928377153218495,
      "targeted_mean": 0.19220308250226656,
      "content_only_mean": 0.22937443336355395,
      "position_only_mean": 0.2728921124206709,
      "delta_targeted_pp": -10.063463281958295,
      "delta_content_pp": -6.346328195829557,
      "delta_position_pp": -1.9945602901178603,
      "delta_sum_pp": -8.340888485947417,
      "residual_pp": -1.7225747960108784,
      "pct_targeted_content": 63.063063063063076,
      "pct_targeted_position": 19.81981981981982,
      "pct_targeted_sum": 82.8828828828829,
      "pct_targeted_residual": 17.117117117117107
    },
    {
      "threshold": 0.7,
      "n_position_suspect_features": 748,
      "n_pure_content": 49,
      "n_all_position": 0,
      "n_full_forwards": 1054,
      "n": 1103,
      "baseline_mean": 0.2928377153218495,
      "targeted_mean": 0.19220308250226656,
      "content_only_mean": 0.22393472348141433,
      "position_only_mean": 0.27923844061650044,
      "delta_targeted_pp": -10.063463281958295,
      "delta_content_pp": -6.890299184043518,
      "delta_position_pp": -1.3599274705349047,
      "delta_sum_pp": -8.250226654578423,
      "residual_pp": -1.8132366273798723,
      "pct_targeted_content": 68.46846846846847,
      "pct_targeted_position": 13.513513513513512,
      "pct_targeted_sum": 81.98198198198199,
      "pct_targeted_residual": 18.01801801801801
    },
    {
      "threshold": 0.75,
      "n_position_suspect_features": 712,
      "n_pure_content": 58,
      "n_all_position": 0,
      "n_full_forwards": 1045,
      "n": 1103,
      "baseline_mean": 0.2928377153218495,
      "targeted_mean": 0.19220308250226656,
      "content_only_mean": 0.21940163191296463,
      "position_only_mean": 0.27923844061650044,
      "delta_targeted_pp": -10.063463281958295,
      "delta_content_pp": -7.343608340888485,
      "delta_position_pp": -1.3599274705349047,
      "delta_sum_pp": -8.70353581142339,
      "residual_pp": -1.359927470534906,
      "pct_targeted_content": 72.97297297297295,
      "pct_targeted_position": 13.513513513513512,
      "pct_targeted_sum": 86.48648648648647,
      "pct_targeted_residual": 13.513513513513525
    },
    {
      "threshold": 0.8,
      "n_position_suspect_features": 649,
      "n_pure_content": 94,
      "n_all_position": 0,
      "n_full_forwards": 1009,
      "n": 1103,
      "baseline_mean": 0.2928377153218495,
      "targeted_mean": 0.19220308250226656,
      "content_only_mean": 0.2157751586582049,
      "position_only_mean": 0.2810516772438803,
      "delta_targeted_pp": -10.063463281958295,
      "delta_content_pp": -7.70625566636446,
      "delta_position_pp": -1.1786038077969174,
      "delta_sum_pp": -8.884859474161377,
      "residual_pp": -1.178603807796918,
      "pct_targeted_content": 76.57657657657657,
      "pct_targeted_position": 11.711711711711711,
      "pct_targeted_sum": 88.28828828828829,
      "pct_targeted_residual": 11.711711711711718
    },
    {
      "threshold": 0.85,
      "n_position_suspect_features": 548,
      "n_pure_content": 134,
      "n_all_position": 0,
      "n_full_forwards": 969,
      "n": 1103,
      "baseline_mean": 0.2928377153218495,
      "targeted_mean": 0.19220308250226656,
      "content_only_mean": 0.2085222121486854,
      "position_only_mean": 0.2828649138712602,
      "delta_targeted_pp": -10.063463281958295,
      "delta_content_pp": -8.43155031731641,
      "delta_position_pp": -0.9972801450589301,
      "delta_sum_pp": -9.42883046237534,
      "residual_pp": -0.634632819582956,
      "pct_targeted_content": 83.78378378378379,
      "pct_targeted_position": 9.90990990990991,
      "pct_targeted_sum": 93.69369369369369,
      "pct_targeted_residual": 6.306306306306311
    },
    {
      "threshold": 0.9,
      "n_position_suspect_features": 441,
      "n_pure_content": 181,
      "n_all_position": 0,
      "n_full_forwards": 922,
      "n": 1103,
      "baseline_mean": 0.2928377153218495,
      "targeted_mean": 0.19220308250226656,
      "content_only_mean": 0.2085222121486854,
      "position_only_mean": 0.2846781504986401,
      "delta_targeted_pp": -10.063463281958295,
      "delta_content_pp": -8.43155031731641,
      "delta_position_pp": -0.8159564823209429,
      "delta_sum_pp": -9.247506799637351,
      "residual_pp": -0.815956482320944,
      "pct_targeted_content": 83.78378378378379,
      "pct_targeted_position": 8.108108108108109,
      "pct_targeted_sum": 91.89189189189189,
      "pct_targeted_residual": 8.10810810810812
    },
    {
      "threshold": 0.95,
      "n_position_suspect_features": 305,
      "n_pure_content": 270,
      "n_all_position": 0,
      "n_full_forwards": 833,
      "n": 1103,
      "baseline_mean": 0.2928377153218495,
      "targeted_mean": 0.19220308250226656,
      "content_only_mean": 0.20036264732547598,
      "position_only_mean": 0.28921124206708976,
      "delta_targeted_pp": -10.063463281958295,
      "delta_content_pp": -9.247506799637353,
      "delta_position_pp": -0.3626473254759746,
      "delta_sum_pp": -9.610154125113327,
      "residual_pp": -0.4533091568449681,
      "pct_targeted_content": 91.8918918918919,
      "pct_targeted_position": 3.6036036036036037,
      "pct_targeted_sum": 95.4954954954955,
      "pct_targeted_residual": 4.504504504504503
    }
  ]
}