{
 "parity": {
  "agreement": 1.0,
  "n": 1103
 },
 "conditions_delta_vs_baseline_pp": {
  "M-act": {
   "n": 953,
   "delta_pp": 0.15739769150052707,
   "ci_pp": [
    -0.6295907660020986,
    0.944386149003148
   ],
   "wilcoxon_p": 0.7742886898371262,
   "mcnemar_p": 0.803619384765625
  },
  "M-targ": {
   "n": 953,
   "delta_pp": -0.10493179433367916,
   "ci_pp": [
    -0.944386149003148,
    0.8394543546694648
   ],
   "wilcoxon_p": 0.8185458083820434,
   "mcnemar_p": 1.0
  },
  "SA-DQ": {
   "n": 108,
   "delta_pp": -15.432098765432102,
   "ci_pp": [
    -22.376543209876544,
    -8.950617283950619
   ],
   "wilcoxon_p": 6.3617549856246e-05,
   "mcnemar_p": 3.0517578125e-05
  },
  "W": {
   "n": 1101,
   "delta_pp": -1.3018468059339983,
   "ci_pp": [
    -1.9981834695731158,
    -0.6357856494096277
   ],
   "wilcoxon_p": 8.207384864014243e-06,
   "mcnemar_p": 0.004343509674072266
  },
  "M-act (mass>=0.5)": {
   "n": 89,
   "delta_pp": 0.5617977528089901,
   "ci_pp": [
    -2.8089887640449436,
    3.932584269662921
   ],
   "wilcoxon_p": 0.7854947471183542,
   "mcnemar_p": 1.0
  }
 },
 "paired_contrasts": {
  "T5_Targeted_vs_Sibling": {
   "n": 1103,
   "delta_pp": 4.185554548201872,
   "ci_pp": [
    2.266545784224841,
    6.089453006950739
   ],
   "wilcoxon_p": 5.656307097511543e-06,
   "mcnemar_p": 9.296356843650839e-08
  },
  "T6_Sibling_vs_Mact": {
   "n": 953,
   "delta_pp": 8.499475341028331,
   "ci_pp": [
    6.400839454354669,
    10.685991605456447
   ],
   "wilcoxon_p": 4.02896006438806e-13,
   "mcnemar_p": 2.8935396314913867e-11
  },
  "T6hi_Sibling_vs_Mact_massgte50": {
   "n": 89,
   "delta_pp": 2.808988764044945,
   "ci_pp": [
    -2.247191011235955,
    8.426966292134832
   ],
   "wilcoxon_p": 0.19323811538561636,
   "mcnemar_p": 0.34375
  },
  "T7_Targeted_vs_Mtarg": {
   "n": 953,
   "delta_pp": 12.277019937040926,
   "ci_pp": [
    9.863588667366212,
    14.690451206715634
   ],
   "wilcoxon_p": 4.622279030366846e-22,
   "mcnemar_p": 1.9453789746938772e-24
  },
  "T8_SADQ_vs_ShuffledAmbigQA": {
   "n": 108,
   "delta_pp": 15.432098765432102,
   "ci_pp": [
    9.25925925925926,
    22.22222222222222
   ],
   "wilcoxon_p": 7.058019340662208e-05,
   "mcnemar_p": 1.52587890625e-05
  },
  "T8b_SADQ_vs_Sibling": {
   "n": 108,
   "delta_pp": 7.561728395061729,
   "ci_pp": [
    1.8518518518518516,
    13.580246913580249
   ],
   "wilcoxon_p": 0.028061452651638605,
   "mcnemar_p": 0.03857421875
  },
  "T9_Sibling_vs_W": {
   "n": 1101,
   "delta_pp": 7.765667574931881,
   "ci_pp": [
    5.9188616409324855,
    9.688162276718137
   ],
   "wilcoxon_p": 8.744634225995991e-14,
   "mcnemar_p": 4.4253738468920555e-11
  },
  "T9b_W_vs_ShuffledAmbigQA": {
   "n": 1101,
   "delta_pp": 0.12110202845897478,
   "ci_pp": [
    -0.7871631849833485,
    1.0293672419013018
   ],
   "wilcoxon_p": 0.9031811724171133,
   "mcnemar_p": 0.755228657504631
  }
 },
 "selection_meta": {
  "layer": 41,
  "seed": 0,
  "n_pairs": 448,
  "pool_stats": {
   "mean": 3.1026785714285716,
   "median": 2.0,
   "pct_empty": 0.13616071428571427
  },
  "m_act": {
   "rows": 1568,
   "dropped": 252,
   "mass_ratio_mean": 0.2363614293986342,
   "mass_ratio_median": 0.18730311005496797,
   "zA_gap_mean": 186.32796796546
  },
  "m_targ": {
   "rows": 953,
   "dropped": 150,
   "mass_ratio_mean": 0.24396054924226052,
   "mass_ratio_median": 0.19663993890798015
  },
  "sadq": {
   "rows": 151,
   "unique_targets": 108
  },
  "w": {
   "rows": 1341,
   "pairs_without_candidate": 1
  }
 },
 "run_meta": {
  "layer": 41,
  "sae_sha256": "65f7ea2b47901603fc09d5c5e8c8824b56fcfd630265b8832fca8da82a203013",
  "sae_repo": "google/gemma-scope-9b-pt-res",
  "sae_subpath": "layer_41/width_16k/average_l0_10/params.npz",
  "model_id": "unsloth/gemma-2-9b-it",
  "torch": "2.5.1+cu124",
  "gpu": "NVIDIA A40",
  "started_unix": 1783582154,
  "elapsed_seconds": 477.8
 }
}