{
  "n": 1103,
  "sibling_mean": 0.24796010879419764,
  "wt_shuf_mean": 0.2928377153218495,
  "delta_pp": 4.487760652765186,
  "ci_pp": [
    2.8105167724388034,
    6.240556059232397
  ],
  "mcnemar": {
    "a_both_hit": 251,
    "x_kills_only": 72,
    "y_kills_only": 33,
    "d_both_miss": 747,
    "n_disc": 105,
    "p": 8.917861115506816e-05
  },
  "wilcoxon_p": 3.0057876887668645e-07
}