{
  "rows": [
    {
      "row": "published Targeted (full ablation)",
      "n_pairs": 1103,
      "delta_pp": -10.063463281958295,
      "ci_pp": [
        -11.969628286491385,
        -8.068902991840435
      ]
    },
    {
      "row": "(A) Shared-only ablation",
      "n_pairs": 1103,
      "delta_pp": -5.167724388032639,
      "ci_pp": [
        -6.799637352674524,
        -3.535811423390753
      ],
      "pct_of_targeted": 51.35135135135136,
      "mcnemar_p": 2.130268239423378e-10,
      "wilcoxon_p": 4.949152582619318e-10
    },
    {
      "row": "(A) Unique-only ablation",
      "n_pairs": 1103,
      "delta_pp": -3.9891205802357206,
      "ci_pp": [
        -5.349048050770626,
        -2.7198549410698094
      ],
      "pct_of_targeted": 39.63963963963964,
      "mcnemar_p": 5.091046889615924e-10,
      "wilcoxon_p": 2.054466161616566e-09
    }
  ]
}