{
  "layer": 41,
  "n": 1103,
  "delta_targeted_pp": -13.236627379873072,
  "delta_4way_sum_pp": -12.420670897552132,
  "four_way_residual_pp": -0.8159564823209404,
  "pct_residual_of_targeted": 6.164383561643818,
  "cross_table": {
    "delta_pp": {
      "unique|content": -3.71713508612874,
      "unique|position": -0.9972801450589301,
      "shared|content": -6.165004533091569,
      "shared|position": -1.5412511332728922
    },
    "delta_per_feature_pp": {
      "unique|content": -0.9009386541461728,
      "unique|position": -0.5778479194415529,
      "shared|content": -1.6685401537483495,
      "shared|position": -0.9230274082563722
    },
    "mean_subset_sizes": {
      "unique_content": 4.1258470474346565,
      "unique_position": 1.7258522727272727,
      "shared_content": 3.694849368318756,
      "shared_position": 1.6697782963827306
    },
    "n_skipped_empty": {
      "up": 399,
      "sc": 74,
      "sp": 246,
      "uc": 70
    }
  },
  "tests_vs_baseline": {
    "uc": {
      "n": 1103,
      "delta_pp": 3.717135086128737,
      "ci_pp": [
        -5.077062556663645,
        -2.447869446962829
      ],
      "mcnemar_p": 2.9026612224924975e-09,
      "wilcoxon_p": 8.917794176799936e-09
    },
    "up": {
      "n": 1103,
      "delta_pp": 0.9972801450589264,
      "ci_pp": [
        -1.9038984587488668,
        -0.1813236627379873
      ],
      "mcnemar_p": 0.01734483242034912,
      "wilcoxon_p": 0.010905059571861185
    },
    "sc": {
      "n": 1103,
      "delta_pp": 6.165004533091567,
      "ci_pp": [
        -7.796917497733455,
        -4.533091568449683
      ],
      "mcnemar_p": 3.886880384756633e-14,
      "wilcoxon_p": 3.809809471138409e-13
    },
    "sp": {
      "n": 1103,
      "delta_pp": 1.5412511332728918,
      "ci_pp": [
        -2.629193109700816,
        -0.543970988213962
      ],
      "mcnemar_p": 0.002275692066177726,
      "wilcoxon_p": 0.0015415930454539739
    },
    "targeted": {
      "n": 1103,
      "delta_pp": 13.236627379873072,
      "ci_pp": [
        -15.41251133272892,
        -11.060743427017226
      ],
      "mcnemar_p": 2.1137680746265134e-33,
      "wilcoxon_p": 4.362917950428006e-29
    }
  }
}