{
  "layer": 41,
  "sae_meta": {
    "repo": "google/gemma-scope-9b-pt-res",
    "subpath": "layer_41/width_16k/average_l0_10/params.npz",
    "local_path": "<HF_CACHE>/hub/models--google--gemma-scope-9b-pt-res/snapshots/f9b689815814972562d28082f9f7d65d7e01fdc8/layer_41/width_16k/average_l0_10/params.npz",
    "sha256": "65f7ea2b47901603fc09d5c5e8c8824b56fcfd630265b8832fca8da82a203013",
    "d_model": 3584,
    "d_sae": 16384
  },
  "n_self_pairs": 1103,
  "headline_hit1": {
    "Baseline": 0.2928377153218495,
    "Targeted": 0.16047144152311876,
    "Sibling": 0.2023269870051375,
    "WikiTextShuffled": 0.2928377153218495
  },
  "T3": {
    "delta_pp": 9.0510728316712,
    "ci_pp": [
      7.1018434572378375,
      11.106074342701723
    ],
    "mcnemar_p": 2.518361204225327e-15,
    "wilcoxon_p": 1.0376029455995148e-16
  },
  "decomposition_hit1_from_p21b": {
    "Baseline": {
      "hit1": 0.2928377153218495,
      "delta_pp": 0.0
    },
    "Targeted": {
      "hit1": 0.16047144152311876,
      "delta_pp": -13.236627379873072
    },
    "Shared-only": {
      "hit1": 0.21305530371713507,
      "delta_pp": -7.978241160471441
    },
    "Unique-only": {
      "hit1": 0.24660018132366274,
      "delta_pp": -4.623753399818675
    }
  },
  "decomposition_kl": {
    "Baseline": {
      "value": 0.0,
      "delta": 0.0,
      "pct_of_targeted": 0.0
    },
    "Targeted": {
      "value": 3.462180586868528,
      "delta": 3.462180586868528,
      "pct_of_targeted": 100.0,
      "wilcoxon_p_vs_baseline": 3.87309794819375e-182
    },
    "Shared-only": {
      "value": 2.3803555453810104,
      "delta": 2.3803555453810104,
      "pct_of_targeted": 68.7530729739893,
      "wilcoxon_p_vs_baseline": 1.8770735965957657e-175
    },
    "Unique-only": {
      "value": 0.49075367149198534,
      "delta": 0.49075367149198534,
      "pct_of_targeted": 14.174698840185632,
      "wilcoxon_p_vs_baseline": 2.1078428955286823e-147
    },
    "Sum": {
      "delta": 2.8711092168729957,
      "pct_of_targeted": 82.92777181417495
    },
    "Residual": {
      "delta": 0.5910713699955323,
      "pct_of_targeted": 17.07222818582506
    }
  },
  "decomposition_gen_flip": {
    "Baseline": {
      "hit_D_i": 0.40525838621940163,
      "delta_pp": 0.0,
      "pct_of_targeted": 0.0
    },
    "Targeted": {
      "hit_D_i": 0.35176790571169536,
      "delta_pp": -5.349048050770626,
      "pct_of_targeted": 100.0,
      "ci_pp": [
        -7.071622846781506,
        -3.71713508612874
      ],
      "mcnemar": {
        "a_both_hit": 372,
        "x_kills_only": 75,
        "y_kills_only": 16,
        "d_both_miss": 640,
        "n_disc": 91,
        "p": 1.3258582784371968e-10
      },
      "wilcoxon_p": 3.107475865441117e-10
    },
    "Shared-only": {
      "hit_D_i": 0.37262012692656393,
      "delta_pp": -3.2638259292837715,
      "pct_of_targeted": 61.01694915254237,
      "ci_pp": [
        -4.623753399818677,
        -1.9038984587488668
      ],
      "mcnemar": {
        "a_both_hit": 399,
        "x_kills_only": 48,
        "y_kills_only": 12,
        "d_both_miss": 644,
        "n_disc": 60,
        "p": 1.5918143689667985e-06
      },
      "wilcoxon_p": 1.6792591646642742e-06
    },
    "Unique-only": {
      "hit_D_i": 0.3653671804170444,
      "delta_pp": -3.9891205802357206,
      "pct_of_targeted": 74.57627118644066,
      "ci_pp": [
        -5.260652765185855,
        -2.8105167724388034
      ],
      "mcnemar": {
        "a_both_hit": 399,
        "x_kills_only": 48,
        "y_kills_only": 4,
        "d_both_miss": 652,
        "n_disc": 52,
        "p": 6.532641094736391e-11
      },
      "wilcoxon_p": 5.247239827970834e-10
    },
    "Sum": {
      "delta_pp": -7.252946509519492,
      "pct_of_targeted": 135.59322033898303
    },
    "Residual": {
      "delta_pp": 1.9038984587488663,
      "pct_of_targeted": -35.593220338983045
    }
  },
  "polysemy_at_080": {
    "threshold": 0.8,
    "n_position_suspect_features": 251,
    "n": 1103,
    "delta_targeted_pp": -13.236627379873072,
    "delta_content_pp": -10.063463281958295,
    "delta_position_pp": -2.5385312783318223,
    "residual_pp": -0.6346328195829543,
    "pct_targeted_content": 76.02739726027397,
    "pct_targeted_position": 19.178082191780824,
    "pct_targeted_residual": 4.794520547945196
  },
  "fourway_joint": {
    "residual_pp": -0.8159564823209404,
    "pct_residual_of_targeted": 6.164383561643818,
    "cross_table": {
      "delta_pp": {
        "unique|content": -3.71713508612874,
        "unique|position": -0.9972801450589301,
        "shared|content": -6.165004533091569,
        "shared|position": -1.5412511332728922
      },
      "delta_per_feature_pp": {
        "unique|content": -0.9009386541461728,
        "unique|position": -0.5778479194415529,
        "shared|content": -1.6685401537483495,
        "shared|position": -0.9230274082563722
      },
      "mean_subset_sizes": {
        "unique_content": 4.1258470474346565,
        "unique_position": 1.7258522727272727,
        "shared_content": 3.694849368318756,
        "shared_position": 1.6697782963827306
      },
      "n_skipped_empty": {
        "up": 399,
        "sc": 74,
        "sp": 246,
        "uc": 70
      }
    }
  },
  "cramers_v": 0.059826790331331335,
  "phi_signed": 0.05982679033133132,
  "single_feature_equivalence": {
    "n_eligible": 1019,
    "uc_top_drop_pp": 2.158979391560351,
    "sc_top_drop_pp": 1.7664376840039242,
    "uc_minus_sc_drop_pp": 0.3925417075564266,
    "uc_vs_baseline_mcnemar_p": 5.245208740234375e-06,
    "sc_vs_baseline_mcnemar_p": 0.00045611709356307983,
    "uc_vs_baseline_wilcoxon_p": 7.996236796623684e-06,
    "sc_vs_baseline_wilcoxon_p": 0.0003348647245109144,
    "uc_vs_sc_two_sided_mcnemar_p": 0.6587380770236564,
    "uc_vs_sc_two_sided_wilcoxon_p": 0.5553463166714221
  },
  "gen_flip_rates": {
    "targeted": {
      "n": 1103,
      "n_flips": 140,
      "flip_rate": 0.12692656391659113
    },
    "shared_only": {
      "n": 1103,
      "n_flips": 111,
      "flip_rate": 0.10063463281958296
    },
    "unique_only": {
      "n": 1103,
      "n_flips": 62,
      "flip_rate": 0.056210335448776065
    }
  },
  "gen_confusion_matrices": {
    "targeted": {
      "D_i": {
        "D_i": 372,
        "D_j": 20,
        "no-match": 55
      },
      "D_j": {
        "D_i": 16,
        "D_j": 588,
        "no-match": 49
      },
      "no-match": {
        "D_i": 0,
        "D_j": 0,
        "no-match": 3
      }
    },
    "shared_only": {
      "D_i": {
        "D_i": 399,
        "D_j": 14,
        "no-match": 34
      },
      "D_j": {
        "D_i": 12,
        "D_j": 590,
        "no-match": 51
      },
      "no-match": {
        "D_i": 0,
        "D_j": 0,
        "no-match": 3
      }
    },
    "unique_only": {
      "D_i": {
        "D_i": 399,
        "D_j": 13,
        "no-match": 35
      },
      "D_j": {
        "D_i": 4,
        "D_j": 639,
        "no-match": 10
      },
      "no-match": {
        "D_i": 0,
        "D_j": 0,
        "no-match": 3
      }
    }
  }
}