{
  "strata": {
    "exact": {
      "n": 752,
      "T3": {
        "n": 752,
        "delta_pp": 5.16400709219858,
        "ci_pp": [
          3.1471631205673765,
          7.225177304964539
        ],
        "mcnemar_p": 1.4652160872728328e-05,
        "wilcoxon_p": 7.135429499712997e-07
      },
      "delta_targeted": {
        "n": 752,
        "delta_pp": 10.638297872340424,
        "ci_pp": [
          -13.031914893617023,
          -8.24468085106383
        ],
        "mcnemar_p": 1.5452474952698554e-19,
        "wilcoxon_p": 3.696458900780944e-17
      },
      "delta_shared": {
        "n": 752,
        "delta_pp": 5.718085106382976,
        "ci_pp": [
          -7.712765957446808,
          -3.8530585106383466
        ],
        "mcnemar_p": 2.1183549220316063e-09,
        "wilcoxon_p": 6.150935984004287e-09
      },
      "delta_unique": {
        "n": 752,
        "delta_pp": 4.122340425531911,
        "ci_pp": [
          -5.718085106382978,
          -2.6595744680851063
        ],
        "mcnemar_p": 1.8364517018198967e-08,
        "wilcoxon_p": 8.030727922124228e-08
      },
      "single_feature": {
        "n_eligible": 655,
        "uc_top_vs_baseline": {
          "n": 655,
          "delta_pp": 2.7480916030534317,
          "ci_pp": [
            -4.122137404580153,
            -1.5267175572519083
          ],
          "mcnemar_p": 2.002716064453125e-05,
          "wilcoxon_p": 2.8497058116659185e-05
        },
        "sc_top_vs_baseline": {
          "n": 655,
          "delta_pp": 2.900763358778624,
          "ci_pp": [
            -4.427480916030534,
            -1.3740458015267176
          ],
          "mcnemar_p": 0.0001553744077682495,
          "wilcoxon_p": 0.00012781543391825724
        },
        "uc_top_drop_pp": 2.7480916030534317,
        "sc_top_drop_pp": 2.900763358778624,
        "uc_minus_sc_drop_pp_diff": -0.15267175572519243,
        "uc_vs_sc_two_sided_mcnemar_p": 1.0,
        "uc_vs_sc_two_sided_wilcoxon_p": 0.8758960579229409
      }
    },
    "distinct": {
      "n": 351,
      "T3": {
        "n": 351,
        "delta_pp": 3.038936372269707,
        "ci_pp": [
          -0.1424501424501422,
          6.268993352326668
        ],
        "mcnemar_p": 0.308859658514848,
        "wilcoxon_p": 0.034231280653759535
      },
      "delta_targeted": {
        "n": 351,
        "delta_pp": 8.831908831908834,
        "ci_pp": [
          -12.535612535612536,
          -5.413105413105413
        ],
        "mcnemar_p": 8.180620625353185e-07,
        "wilcoxon_p": 1.136753331580802e-06
      },
      "delta_shared": {
        "n": 351,
        "delta_pp": 3.9886039886039892,
        "ci_pp": [
          -7.122507122507122,
          -1.1396011396011396
        ],
        "mcnemar_p": 0.008062400855123998,
        "wilcoxon_p": 0.005293568667028463
      },
      "delta_unique": {
        "n": 351,
        "delta_pp": 3.7037037037037033,
        "ci_pp": [
          -6.267806267806268,
          -1.1396011396011396
        ],
        "mcnemar_p": 0.0035986900329589844,
        "wilcoxon_p": 0.0022781749015925654
      },
      "single_feature": {
        "n_eligible": 291,
        "uc_top_vs_baseline": {
          "n": 291,
          "delta_pp": 2.061855670103094,
          "ci_pp": [
            -4.123711340206185,
            0.0
          ],
          "mcnemar_p": 0.0546875,
          "wilcoxon_p": 0.028889785561798623
        },
        "sc_top_vs_baseline": {
          "n": 291,
          "delta_pp": 2.7491408934707917,
          "ci_pp": [
            -5.498281786941581,
            0.0
          ],
          "mcnemar_p": 0.048126220703125,
          "wilcoxon_p": 0.029673219395959925
        },
        "uc_top_drop_pp": 2.061855670103094,
        "sc_top_drop_pp": 2.7491408934707917,
        "uc_minus_sc_drop_pp_diff": -0.6872852233676978,
        "uc_vs_sc_two_sided_mcnemar_p": 0.8238029479980469,
        "uc_vs_sc_two_sided_wilcoxon_p": 0.6547208460185769
      }
    }
  }
}